{"entities":{"pages":{"Java-Programming-Docs":{"id":"Java-Programming-Docs","title":"Java-Programming-Docs","url":"java-programming-docs.html","level":0,"tabIndex":0},"Java-Collections":{"id":"Java-Collections","title":"Java-Collections","url":"java-collections.html","level":0,"pages":["Arrays"],"tabIndex":1},"Arrays":{"id":"Arrays","title":"Arrays","url":"arrays.html","level":1,"parentId":"Java-Collections","pages":["Declaring-and-Creating-Arrays"],"tabIndex":0},"Declaring-and-Creating-Arrays":{"id":"Declaring-and-Creating-Arrays","title":"Declaring and Creating Arrays","url":"declaring-and-creating-arrays.html","level":2,"parentId":"Arrays","pages":["Arrays-of-Primitives","Arrays-of-Objects","Multidimensional-Arrays","Initializing-Arrays","Copying-and-Cloning-Arrays","Array-Immutability","Array-Assignments","Checking-for-Array-Equality","Array-Reflection"],"tabIndex":0},"Arrays-of-Primitives":{"id":"Arrays-of-Primitives","title":"Arrays of Primitives","url":"arrays-of-primitives.html","level":3,"parentId":"Declaring-and-Creating-Arrays","tabIndex":0},"Arrays-of-Objects":{"id":"Arrays-of-Objects","title":"Arrays of Objects","url":"arrays-of-objects.html","level":3,"parentId":"Declaring-and-Creating-Arrays","tabIndex":1},"Multidimensional-Arrays":{"id":"Multidimensional-Arrays","title":"Multidimensional Arrays","url":"multidimensional-arrays.html","level":3,"parentId":"Declaring-and-Creating-Arrays","tabIndex":2},"Initializing-Arrays":{"id":"Initializing-Arrays","title":"Initializing Arrays","url":"initializing-arrays.html","level":3,"parentId":"Declaring-and-Creating-Arrays","tabIndex":3},"Copying-and-Cloning-Arrays":{"id":"Copying-and-Cloning-Arrays","title":"Copying and Cloning Arrays","url":"copying-and-cloning-arrays.html","level":3,"parentId":"Declaring-and-Creating-Arrays","tabIndex":4},"Array-Immutability":{"id":"Array-Immutability","title":"Array Immutability","url":"array-immutability.html","level":3,"parentId":"Declaring-and-Creating-Arrays","tabIndex":5},"Array-Assignments":{"id":"Array-Assignments","title":"Array Assignments","url":"array-assignments.html","level":3,"parentId":"Declaring-and-Creating-Arrays","tabIndex":6},"Checking-for-Array-Equality":{"id":"Checking-for-Array-Equality","title":"Checking for Array Equality","url":"checking-for-array-equality.html","level":3,"parentId":"Declaring-and-Creating-Arrays","tabIndex":7},"Array-Reflection":{"id":"Array-Reflection","title":"Array Reflection","url":"array-reflection.html","level":3,"parentId":"Declaring-and-Creating-Arrays","tabIndex":8}}},"topLevelIds":["Java-Programming-Docs","Java-Collections"]}